code,profile,length_mm,qty,cut,used_in,note
T01,RHS 120x60x5,1220,2,90°,تیر ریل X (یک‌سرآزاد),روی پرتال عقب و ستون جلو، 660 mm بیرون‌زده؛ هر اتصال 4× M10
T02,SHS 40x40x3,470,2,90°,طولی بالای محافظ,بین پرتال عقب و ستون جلو
T03,SHS 60x60x4,950,1,90°,تیر عرضی پرتال عقب,سرتاسری روی ستون‌ها
T04,SHS 60x60x4,830,4,90°,عرضی / عرضی زیر صفحه,بین طولی‌ها
T05,SHS 60x60x4,820,10,90°,پایه / پایه‌ی میز دیسک,سرتاسری، دو سر گونیا
T06,SHS 60x60x4,540,8,90°,طولی میز دیسک / عرضی میز دیسک,
T07,SHS 60x60x4,480,4,90°,طولی,بین پایه‌ها
T08,SHS 60x60x4,360,4,90°,عرضی جلو / عرضی کوتاه جلو / عرضی سر تیرها,بین پایه‌های جلو
T09,SHS 60x60x4,337,4,90°,ستون جلو زیر تیر / ستون جلو کناری,ادامه‌ی پایه‌ی جلو؛ تیر X رویش پیچ می‌شود (کشش ≈ 2 kN)
T10,SHS 60x60x4,277,2,90°,ستون پرتال عقب,روی قاب پایین جوش
T11,SHS 60x60x4,240,2,90°,عرضی جلو,بین پایه‌های جلو
T12,SHS 60x60x4,210,4,90°,اتصال میز به دستگاه (پیچی),دو سر ورق فلنج P61 و 4× M12؛ نیروی چاپ را داخل فولاد می‌بندد
T13,SHS 60x60x4,110,3,90°,عرضی جلو / عرضی کوتاه جلو,بین پایه‌های جلو

TOTAL,RHS 120x60x5,2440,≈ 1 شاخه‌ی ۶ متری (با ۱۰٪ پرت),,,
TOTAL,SHS 40x40x3,940,≈ 1 شاخه‌ی ۶ متری (با ۱۰٪ پرت),,,
TOTAL,SHS 60x60x4,23702,≈ 5 شاخه‌ی ۶ متری (با ۱۰٪ پرت),,,
