code,name,group,kind,material,dims,qty,kg_each,kg_total,process,note
B01,ریل HIWIN HGR20 طول 900,ریل‌ها,buy,-,"HGR20R900C, گام سوراخ 60",2,1.99,3.98,خرید,
B02,واگن HIWIN HGH20CA,کالسکه X,buy,-,HGH20CAZ0C,4,0.4,1.6,خرید,
B03,گیربکس خورشیدی PLF60 1:3,محرک X,buy,-,PLF60-3 / EG24 1:3,1,1.0,1.0,خرید,
B04,استپر کلوزلوپ NEMA24 4 N·m (X),محرک X,buy,-,"60 mm, L≈110, 4 N·m",1,1.9,1.9,خرید,
B05,پولی 24T HTD5M عرض 25,محرک X,buy,-,24-5M-25,2,0.18,0.36,خرید,
B06,شافت پولی Ø14,محرک X,buy,-,Ø14,2,0.05,0.1,خرید,
B07,تسمه HTD5M عرض 25 مغزی فولادی,محرک X,buy,-,HTD5M-25 PU steel,2,0.1,0.2,خرید,
B08,زنجیر کابل 25×50 (X),محرک X,buy,-,25x50 R55، طول ≈ 1.2 m,1,1.5,1.5,خرید,
B09,ریل HIWIN HGR15 طول 460,ایستگاه جوهر,buy,-,HGR15R460C,1,0.67,0.67,خرید,
B10,واگن HIWIN HGH15CA,ایستگاه جوهر,buy,-,HGH15CAZ0C,1,0.18,0.18,خرید,
B11,استپر کلوزلوپ NEMA24 4 N·m (کاپ),ایستگاه جوهر,buy,-,"60 mm, L≈110, 4 N·m",1,1.9,1.9,خرید,
B12,پولی 24T گام 5 عرض 20,ایستگاه جوهر,buy,-,24-5M-20 (مطابق تسمه‌ی فعلی),2,0.15,0.3,خرید,
B13,تسمه گام 5 عرض 20 (کاپ),ایستگاه جوهر,buy,-,5M-20 open,2,0.08,0.16,خرید,
B20,شیر 5/2 سایز 3/8 (4V320),کالسکه X,buy,-,Airtac 4V320-10 24VDC,1,0.55,0.55,خرید,
B21,جک Airtac SC63×100-S,هد Z,buy,-,SC63x100-S مگنت‌دار,1,2.9,2.9,خرید,
B21F,فلنج جلو FA جک Ø63,هد Z,buy,-,ISO 15552 MF1 Ø63,1,0.6,0.6,خرید,
B21R,شافت جک + مفصل شناور M16,هد Z,buy,-,FJ M16x1.5,1,0.5,0.5,خرید,
B22,سنسور مگنتی جک,هد Z,buy,-,CS1-J / D-M9N,3,0.03,0.09,خرید,
B23,شیر تخلیه‌ی سریع 3/8,هد Z,buy,-,SMC AQ5000,2,0.25,0.5,خرید,
B24,بوش خطی فلنج‌دار LMF25UU,هد Z,buy,-,LMF25UU,2,0.34,0.68,خرید,
B25,رینگ توقف Ø25,هد Z,buy,-,Shaft collar 25,2,0.1,0.2,خرید,
B26,پیچ تنظیم ارتفاع M12 + مهره قفل,هد Z,buy,-,M12x200 DIN 913,1,0.15,0.15,خرید,
B27,پد سیلیکونی 3016 (195×140×80),هد Z,buy,-,3016 شیروانی,1,1.8,1.8,خرید,
B30,لیمیت سوئیچ Omron D4N,سنسورها,buy,-,D4N-1A31,4,0.15,0.6,خرید,
B31,سنسور هوم M18,سنسورها,buy,-,PR18-8DN,2,0.06,0.12,خرید,
B40,پایه‌ی ترازشو M16,اسکلت پایین,buy,-,M16، کف Ø80، ظرفیت ≥ ۵۰۰ kg,6,0.6,3.6,خرید,
B41,بوش خطی LMF20UU,ایستگاه چاپ,buy,-,LMF20UU,4,0.18,0.72,خرید,
B42,پیچ ذوزنقه Tr20×4 + مهره,ایستگاه چاپ,buy,-,Tr20x4 L≈330,1,0.8,0.8,خرید,
B43,فلکه‌ی دستی Ø125,ایستگاه چاپ,buy,-,DIN 950 Ø125,1,0.5,0.5,خرید,
B44,قطعه‌ی نمونه Ø80×60,ایستگاه چاپ,buy,-,نمونه,1,0.3,0.3,خرید,
B50,کلیشه‌ی فولادی 580×200×10,ایستگاه جوهر,buy,-,کلیشه‌ی ضخیم فولادی,1,9.1,9.1,خرید,
B51,گیره‌ی کلیشه,ایستگاه جوهر,buy,-,گیره‌ی لبه,1,0.2,0.2,خرید,
B52,کاپ بسته Ø140 با رینگ سرامیکی,ایستگاه جوهر,buy,-,Ø140 (مطابق کاپ فعلی),1,1.6,1.6,خرید,
B53,پین فنری کاپ,ایستگاه جوهر,buy,-,Ø8,3,0.02,0.06,خرید,
B60,پرده‌ی نوری نوع ۴، 14 mm (فرستنده / گیرنده),ایمنی و برق,buy,-,ارتفاع حفاظت ≈ 300,2,0.6,1.2,خرید,
B61,سوئیچ ایمنی درب,ایمنی و برق,buy,-,Pilz PSEN / Schmersal,1,0.1,0.1,خرید,
B62,جعبه‌ی HMI + DOP-107BV,ایمنی و برق,buy,-,DOP-107BV در جعبه,1,2.5,2.5,خرید,
B63,E-Stop,ایمنی و برق,buy,-,XB5AS8442,2,0.2,0.4,خرید,
B64,چراغ برج,ایمنی و برق,buy,-,3 رنگ,1,0.5,0.5,خرید,
B65,تابلو برق 600×800×250,ایمنی و برق,buy,-,ورق 1.5، صفحه‌ی نصب,1,28.0,28.0,خرید,
B66,پدال پایی,ایمنی و برق,buy,-,پدال صنعتی با قاب,1,1.2,1.2,خرید,
B67,FRL + پرشر سوئیچ,ایمنی و برق,buy,-,AW20 + ISE,1,1.2,1.2,خرید,
M01,میله‌ی راهنمای Z Ø25,هد Z,machined,CK45,Ø25 h6 × 210، سخت‌کاری و کروم,2,0.81,1.62,تراش/فرز,سر پایین M12 به صفحه‌ی سر؛ سر بالا شیار خار
M02,بلوک نگه‌دارنده‌ی پد,هد Z,machined,آلومینیوم 6061,160x80x50,1,1.73,1.73,تراش/فرز,دو طرف 2× قلاویز M10 برای شیارها؛ زیر 4× M8 به صفحه‌ی پد
M10,پایه‌ی ریل کاپ,ایستگاه جوهر,machined,St37,460x40x77,1,11.12,11.12,تراش/فرز,رو فرز؛ قلاویز M4 گام 60 برای HGR15
M20,میله‌ی راهنمای میز Ø20,ایستگاه چاپ,machined,CK45,Ø20 h6 × 250,4,0.62,2.47,تراش/فرز,
P01,صفحه‌ی رویی ایستگاه جوهر,اسکلت پایین,plate,St37,800x700x10,1,43.91,43.91,برش لیزر/واترجت,با پیچ M8 روی قاب؛ سوراخ‌های نصب قطعات را بعد از چیدمان جای‌یابی کنید
P02,تسمه‌ی نصب ریل X (سنگ‌خورده),ریل‌ها,plate,CK45,900x40x15,2,4.11,8.22,برش + فرز + سنگ,Ø4.2 = قلاویز M5 برای ریل (گام ۶۰)؛ Ø9 = پیچ M8 به تیر؛ رو و زیر سنگ، تخت ≤ 0.02
P10,صفحه‌ی کالسکه X,کالسکه X,plate,آلومینیوم 6061,280x435x15,1,4.3,4.3,برش لیزر/واترجت,صفحه‌ی سبک‌شده؛ سوراخ‌های واگن M5 با فاصله‌ی 36×32 (HGH20CA)
P11,گیره‌ی تسمه X,کالسکه X,machined,آلومینیوم 6061,60x32x25,1,0.13,0.13,تراش/فرز,
P12,براکت زنجیر کابل X,کالسکه X,machined,St37,80x40x15 نبشی,1,0.38,0.38,تراش/فرز,
P13,صفحه‌ی سر Z,هد Z,plate,آلومینیوم 6061,240x120x20,1,1.51,1.51,برش لیزر/واترجت,Ø12.5 پیچ M12 میله‌ها، Ø16.5 مفصل شناور، Ø10.2 قلاویز M12 پیچ تنظیم ارتفاع، Ø6.6 پیچ M6 صفحه‌های کناری
P14,صفحه‌ی کناری اسلاید ارتفاع پد,هد Z,plate,آلومینیوم 6061,160x210x12,2,1.04,2.08,برش لیزر/واترجت,شیار 60 mm برای تنظیم ارتفاع پد؛ لبه‌ی بالا 3× قلاویز M6
P15,صفحه‌ی پد,هد Z,plate,آلومینیوم 6061,220x160x12,1,1.13,1.13,برش لیزر/واترجت,4× M8 به بلوک؛ 4× M6 برای پایه‌ی چوبی/آلومینیومی پد
P20,پایه‌ی براکت موتور X,محرک X,plate,St37,60x77x12,1,0.41,0.41,برش لیزر/واترجت,
P21,براکت موتور X,محرک X,plate,St37,130x151x12,1,1.65,1.65,برش لیزر/واترجت,جوش به پایه + لچکی؛ الگوی فلنج گیربکس PLF60 را با کاتالوگ تطبیق دهید
P22,پایه‌ی براکت هرزگرد X,محرک X,plate,St37,60x77x12,1,0.41,0.41,برش لیزر/واترجت,
P23,براکت هرزگرد X (شیار کشش),محرک X,plate,St37,110x151x12,1,1.52,1.52,برش لیزر/واترجت,شیار ±10 برای کشش تسمه؛ پیچ کشش M8 از لبه
P24,سینی زنجیر کابل X,محرک X,plate,فولاد,860x64x2,1,0.86,0.86,برش + خم,ورق 2 خم U، ارتفاع لبه 30
P30,پایه‌ی کلیشه (بستر فرزکاری‌شده),ایستگاه جوهر,plate,St37,600x220x45,1,46.45,46.45,فرز + سنگ,روی سطح فرز و سنگ؛ 4× پیچ M10 به صفحه‌ی رویی، گیره‌های کلیشه با M8
P31,بازوی کاپ,ایستگاه جوهر,plate,آلومینیوم 6061,60x270x12,1,0.52,0.52,برش لیزر/واترجت,3× پین فنری روی کاپ؛ نگه‌دارنده‌ی کاپ باید آزاد روی کلیشه بنشیند
P32,گیره‌ی تسمه کاپ,ایستگاه جوهر,machined,آلومینیوم 6061,50x34x20,1,0.09,0.09,تراش/فرز,
P33,براکت موتور کاپ,ایستگاه جوهر,plate,St37,90x130x10,1,0.82,0.82,برش لیزر/واترجت,
P33F,پایه‌ی براکت موتور کاپ,ایستگاه جوهر,plate,St37,90x40x10,1,0.27,0.27,برش لیزر/واترجت,
P34,براکت هرزگرد کاپ (شیار کشش),ایستگاه جوهر,plate,St37,90x130x10,1,0.89,0.89,برش لیزر/واترجت,
P34F,پایه‌ی براکت هرزگرد کاپ (شیار کشش),ایستگاه جوهر,plate,St37,90x40x10,1,0.27,0.27,برش لیزر/واترجت,
P40,صفحه‌ی پایه‌ی میز چاپ,ایستگاه چاپ,plate,St37,300x300x15,1,10.01,10.01,برش لیزر/واترجت,روی زیرقاب چاپ؛ Ø36 یاتاقان پیچ Tr20
P41,صفحه‌ی بالای میز چاپ (فیکسچر),ایستگاه چاپ,plate,آلومینیوم 6061,260x260x20,1,3.55,3.55,برش لیزر/واترجت,شبکه‌ی M8 گام 50 برای قالب قطعه؛ مهره‌ی Tr20 زیر صفحه
P50,محافظ عقب (پلی‌کربنات),محافظ‌ها,plate,پلی‌کربنات,700x357x5,1,1.5,1.5,برش لیزر/واترجت,
P51,محافظ کناری راست (پلی‌کربنات),محافظ‌ها,plate,پلی‌کربنات,1160x357x5,1,2.48,2.48,برش لیزر/واترجت,
P52,درب کناری چپ روی ایستگاه جوهر (لولایی، با سوئیچ ایمنی),محافظ‌ها,plate,پلی‌کربنات,800x357x5,1,1.71,1.71,برش لیزر/واترجت,
P53,محافظ کناری چپ جلو (پلی‌کربنات),محافظ‌ها,plate,پلی‌کربنات,360x357x5,1,0.77,0.77,برش لیزر/واترجت,
P54,بازوی HMI,ایمنی و برق,machined,St37,SHS 40x40x3 L50 + ورق,1,0.63,0.63,تراش/فرز,
T01,تیر ریل X,اسکلت بالا,tube,St37,RHS 100x50x4 L=1280,2,11.41,22.83,برش اره + جوش,با ۴ پیچ M10 روی هر پرتال؛ رو با تسمه‌ی تخت ریل
T02,طولی بالای محافظ,اسکلت بالا,tube,St37,SHS 40x40x3 L=1160,2,4.04,8.09,برش اره + جوش,بین دو پرتال، رو با تیر عرضی
T03,پایه,اسکلت پایین,tube,St37,SHS 60x60x4 L=820,6,5.77,34.61,برش اره + جوش,سرتاسری، دو سر گونیا
T04,طولی,اسکلت پایین,tube,St37,SHS 60x60x4 L=810,4,5.7,22.79,برش اره + جوش,بین پایه‌ها
T05,تیر عرضی پرتال,اسکلت بالا,tube,St37,SHS 60x60x4 L=700,2,4.92,9.85,برش اره + جوش,سرتاسری روی ستون‌ها
T06,عرضی,اسکلت پایین,tube,St37,SHS 60x60x4 L=580,10,4.08,40.79,برش اره + جوش,بین طولی‌ها
T07,طولی,اسکلت پایین,tube,St37,SHS 60x60x4 L=310,6,2.18,13.08,برش اره + جوش,بین پایه‌ها
T08,ستون پرتال,اسکلت بالا,tube,St37,SHS 60x60x4 L=297,4,2.09,8.36,برش اره + جوش,روی قاب پایین جوش
