Device,Comment
X0,X_HOME
X1,Y_HOME
X2,Z_UP
X3,Z_DOWN
X4,X_DRV_OK
X5,Y_DRV_OK
X6,X_OT_OK
X7,Y_OT_OK
X10,ESTOP_OK
X11,PEDAL
X12,START_PB
X13,STOP_PB
X14,RESET_PB
X15,AIR_OK
X16,GUARD_OK
X17,Z_DOWN_PRINT
X20,Z_SAFE
Y0,X_PUL
Y1,X_DIR
Y2,Y_PUL
Y3,Y_DIR
Y4,SOL_Z_DOWN
Y5,SOL_Z_UP
Y6,X_ENABLE
Y7,Y_ENABLE
Y10,LAMP_GREEN
Y11,LAMP_AMBER
Y12,LAMP_RED
Y13,AIR_MAIN
M20,SAFE_OK
M21,ANY_ALARM
M22,X_HOMED
M23,Y_HOMED
M24,ALL_HOMED
M25,Z_UP_OK
M26,Z_ABOVE_SAFE
M28,STOP_POSLOSS
M29,STOP_IMMEDIATE
M30,X_IN_ZONE
M31,X_AT_PICK
M32,X_AT_PRINT
M34,X_AT_PARK
M33,Y_AT_PARK
M35,Y_AT_END
M36,ENA_RESET_PULSE
M38,MANUAL_ENABLE
M40,PERMIT_X
M41,PERMIT_Z_DOWN
M42,PERMIT_Y
M45,X_REQ_POS
M46,X_REQ_JOG
M47,Y_REQ_POS
M48,Y_REQ_JOG
M50,X_RUN
M52,Y_RUN
M54,X_DZRN
M55,Y_DZRN
M56,Y_HOME_DONE
M57,X_HOME_DONE
M58,X_CH_IDLE
M59,Y_CH_IDLE
M60,Z_DOWN_AUTO
M61,Z_DOWN_MAN
M62,Z_DOWN_OK
M63,EARLY_PICK_WINDOW
M64,EARLY_PRINT_WINDOW
M90,AUTO_ACTIVE
M91,STOP_REQ
M92,INK_READY
M93,PAD_LOADED
M94,PRINT_REQUEST
M95,BATCH_DONE
M96,X_TARGET_PICK
M97,X_TARGET_PRINT
M99,PRINT_DONE_PULSE
M120,MODE_AUTO
M500,PARALLEL_INKING
M501,Z_DOWN2_SENSOR
M502,CONTINUOUS
M503,DRY_RUN
M504,BATCH_STOP
M505,HMI_WATCHDOG
M506,PRE_PICK
M507,EARLY_Z_DESCENT
M1000,همیشه ON
M1002,اولین اسکن
M1013,کلاک ۱ ثانیه
M1029,پایان پالس CH0
M1030,CH1
M1078,توقف فوری پالس CH0
M1104,CH1
M1336,در حال ارسال پالس CH0
M1337,CH1
D0,AUTO
D1,INK
D2,HOME
D3,X_HOME
D4,Y_HOME step
D9,MACHINE_STATE
D10,X target
D12,freq
D14,Y target
D16,freq
D30,X_POS
D34,Y_POS
D50,ALARM_WORD 1
D51,2
D60,HMI heartbeat
D61,HMI heartbeat
D90,X_DIST_TO_GO
D98,مرحله‌ی قبلی
D200,X command pos
D202,speed
D204,Y command pos
D206,speed
D500,X_PICK_POS
D502,X_PRINT_POS
D504,X_PARK_POS (بعد از هومینگ)
D506,X_SOFT_MAX
D508,ناحیه‌ی کلیشه Min
D510,Max
D512,Y_PARK
D514,Y_END
D516,Y_SOFT_MAX
D518,X_SCALE
D520,Y_SCALE
D522,X auto
D523,manual
D524,X home
D525,creep
D526,X_ACC
D527,Y out
D528,return
D529,jog
D530,Y home
D531,creep
D532,Y_ACC
D540,DWELL1
D541,DWELL2
D542,FLASH_OFF
D543,Z down
D544,up timeout
D545,Z_SETTLE
D546,CONTINUOUS_PAUSE
D547,HOME_TIMEOUT
D548,POS_TOLERANCE
D550,EARLY_Z_LEAD
D552,PRE_PICK_MAX_WAIT
D560,TOTAL
D562,BATCH
D564,BATCH_TARGET
D566,PRINT_INTERVAL
D568,PRINTS_PER_HOUR
T0,100 ms
T1,100 ms
T2,100 ms
T3,100 ms
T6,100 ms
T7,100 ms
T8,100 ms
T200,10 ms
T201,10 ms
T202,10 ms
T203,10 ms
T204,10 ms
T205,10 ms
T206,10 ms
T207,10 ms
T210,10 ms
M180,X_STALLED
M181,X_STALL_DIR_PLUS
M182,Y_STALLED
M183,Y_STALL_DIR_PLUS
M184,X_BACKOFF_ARMED
M185,Y_BACKOFF_ARMED
D690,X_STALL_BACKOFF_0.1MM
D692,Y_STALL_BACKOFF_0.1MM
